root	type flat.ai	1Tv-nmf16jyzcZqvTMEEbI6aZO3vk5Tzn	1611102
root	WU group tee redux.ai	1bBQT18rZ7Kz4rKB2zsoWTPS31UYlF0Ek	2390265
root	type.ai	1k3NtiYY7b6-XMqedwZ3lBTd-mpdnzPDd	539864
root	waffle revolution copy.jpg	1Bmg8BSTDURVRAIahbjkCt0DIDae6vtgT	1024824
root	expressions.jpg	1__F0LZk7iCV7WFkG2WWYRK0_l3g83sfw	318353
chars	merlion 02.psd	1wl1Irt1aO1WfTpw-zExSxN53arPPC1Jy	81092782
chars	merlion 02.ai	1qjhzlDvMwnPEick4ddGbMLCejjpZFYi3	183559
chars	TV T pose.psd	10Y1U_3RyMNz4IBhBvcukIX1EUtxjSZSk	5906552
chars	Air Maxi T pose.psd	1u8ZypO7OYIcP1yeh1q-bIUn5OTUz0JKr	6797456
chars	swirly T pose.psd	1tgAbgGcEXIOAtX-kHJldVArEZZIFuhGZ	5949518
chars	stovie T pose.psd	1qYzjRIGYQ3SAr_upAYEOE_S8QsMpaHJS	4744890
chars	spacie T pose.psd	1FtBoKegpsEvCePER51PaftpIEQLkjG4O	4440877
chars	popsicle T pose.psd	1a0GLEfVpNWkOKLl_MzIxoWkvg1K3iWcl	4525264
chars	picchi T pose.psd	1PfIhzO3_I8h7fMOkuwm_8mqGkgTUXDRP	4055974
chars	mr waffle T pose.psd	1iThxokrGCi_63ur3vOsaRWzyCWQGJOBZ	5336256
chars	bhoppu T pose.psd	1gnq2xM84D8T1POH3cwGJZ_4g-un2WUTj	6455268
chars	stovie final.ai	1kX0U2atQk4FJ2oWqISrrdjqqIrMwccsR	281022
chars	TVy final.ai	1_gF8rMCpqGKbHL9Hh9XCr5Fdpqhg6nsG	217237
chars	picchi final.ai	1yNdDeJeXrdmF1TwwJH2rVbvMRHJgz-Ed	217989
chars	bhoppu final.ai	16S8g3Qo6QDK686fA_vqZXuI24-9DAA12	348268
chars	swirly final.ai	133Gy1-sK9dyTNBuvNFUdeNBh5FI9MhRS	202833
chars	popsicle final.ai	1vuPMxBe_s8BFHNi5jsmcku7tRVchRjH3	190880
chars	Air maxi final.ai	1cFwHmhw5vbKmfr-vN0GoqfVcEVlG4ki3	280084
chars	family.ai	1sI3v9UbGrue-GgnHOwKCgHS4oCmU5QrF	2070613
chars	mr waffle final.ai	1U5GLp93L7ktne01x-ZMM6MKZN2OoSyL1	255196
chars	spacie final.ai	1PPOqauyzOSpvG_6kDUswkYJwDHqMn8ju	210413
facial	TV.psd	1OAPjRmfNEPiwNQt5UImW5wbLEpnxBhjS	1974835
facial	Spacy.psd	1nIcsLwSSdLHpAIOqrRSFlawbOfb-U7yr	2580059
facial	Stovy.psd	15B9TCAZiP2_C_tA97LG6Z05-XnIoz-Iy	2213600
facial	Popsicle.psd	1FnvhbGxwHaaCEErxtD_NHHQyIefQT1uX	2550269
facial	Swirly.psd	10qYsfXY0_hwUAv46d1XOoJZOQQ-SoDvb	2536443
facial	Bhoppu.psd	1-Pd9Ii--cP6Ge0GwQ85OQFv_B9dY-o7A	2287307
facial	Mr Waffle.psd	1a2FHaMMrAV4BL3TaUUAHMQtC_ClGN-Pv	2284706
facial	Air maxi.psd	142hEKLiZUXcbXyWpLT5JjW-SRYfYL5JQ	2720252
facial	Picchi.psd	1mLUB1Id44qksH4-o1Z1AqyF4jcwoVjZJ	1821050
rgb	TV 004.psd	1xVfhoQcDxiWLPAB1SEiVzq1Aib65rVw2	6470963
rgb	TV 003.psd	1sUmbUTFk8t2X5mlnrpLjL1gd-fS9-UX_	5822617
rgb	TV 002.psd	1whZN-gYfA-8sFoTcS2T_D-e4k3f8vYmh	11614361
rgb	TV 001.psd	1j9_L-uD3oQHTeYUroWdULTBJadnPaQPq	6497933
rgb	Spacie 004.psd	1LdqUDBTUikmXPRnH2tnByKs03yQ6aGwA	6636686
rgb	Spacie 003.psd	1rxyIw99kUwIy7OEe9fyfOdhPlmPHXXeJ	10634753
rgb	Spacie 002.psd	1XO8nOG6bysnwAn3DpPfto0ZCI4YtpJE9	7382307
rgb	Spacie 001.psd	1IpHPEVZHwc_9yHu-u5hxdo0snuuZnxYU	8120811
rgb	Swirly 004.psd	16tyH4Z3oWxubDTPkEzkO50WZ2dy9zMxC	8001252
rgb	Swirly 003.psd	1Pspnku_Rm6oZ5TzRZjqQXeDbtALEZSE0	5133216
rgb	Swirly 002.psd	1dHxZDxz6uHNv3Tcmj5xEdjatXoR0LgUn	7591785
rgb	Swirly 001.psd	1MOkfkZYNF_ke5Kwdl9UQRsG2LoDSEHj5	14000013
rgb	Stovie 004.psd	1hcodIKTdmELslDzijpGhdk1PWEoLztR_	15329485
rgb	Stovie 003 .psd	1DgaKPySkha6u62DCiK4lF5_caxxpraw1	6558468
rgb	Stovie 002.psd	12RrNMRCcxADiZ12xiMZgnHU8ctJRrOyr	6192401
rgb	Stovie 001.psd	1_RS0kFMN-ij_xmZbBRq9r0mhHJMolZSY	9466236
rgb	Air maxi 004.psd	1UtUh6Id8zBSY5SeLP3i3rFSpUk39rY_4	8431045
rgb	Air maxi 003.psd	1AHywigSx4ET88yjn7fpOXGnLOc7oMl6_	11236894
rgb	Air maxi 002.psd	15vW6aja3MyCfKXLnIgxc2ur-0qSlxXV5	7145716
rgb	Air maxi 001.psd	1g2EUodRxvEOMhdlrbX3iD1Sy8q2JfcNJ	11805355
rgb	popsicle 004.psd	1K-CIEI0XiUIjToeks7LQhLTWb4nCm5as	9641188
rgb	popsicle 003.psd	1X8gpJrB4BYnf9enFFcIe2D46HM2Wqpw5	8865514
rgb	popsicle 002.psd	1hyV2LfrTyNrOfrTqTZtvvwvEiLNyrssL	12411623
rgb	popsicle 001.psd	1ZNUmWO6EH_ktcyBfdx3zlE0IlPSyUuKH	8457717
rgb	picchi 004.psd	1FZcMgkqfNwgWXsN6xQowDB631QdKN_ae	8121348
rgb	picchi 003.psd	1lEpAkacRzRcN7911kaKJ7XLHrXc9CXy3	7417993
rgb	picchi 002.psd	115f8aZ5fPWlP3rmHTEmcQuspayeWH8Lc	7431172
rgb	picchi 001.psd	1223j6-VJGGQVy6F3XL2V_CYXIO2Y7qwg	7756543
rgb	Mr Waffle 005.psd	1wOLFsXeTEnxrR8iiDAD3rGRMtz8auWlB	9634319
rgb	Mr Waffle 004.psd	19f5UXXl4xoWwcJUes_uJXdNG4xxvTGY8	11024231
rgb	Mr Waffle 003.psd	1P7d8vMVjkmAgg57zjMf3Q9tSYOyMfhgW	8492471
rgb	Mr Waffle 002.psd	1_J0zGL0oByyZUmD089OGMm4aJt6dzhz7	7287494
rgb	Mr Waffle 001.psd	1rrqocdm3IKZlZsi2EbQcBHw6DhZvgDok	12464350
rgb	Bhoppu 004.psd	1yB_FAGA2ZrVIfOJWv14LoZXyb7OnHiPc	8098125
rgb	Bhoppu 003.psd	15Ec9995eeIg6DBLxNFMdCWU7pksYrOXk	9653774
rgb	Bhoppu 002.psd	1ZBwWylpiBh0a_bTzxMzjUSYW65EhsMnG	11646424
rgb	Bhoppu 001.psd	1Gf0LynVVa5xMCdLDrNUXCvuh3h5MY-ZK	10298240
cmyk	popsicle CMYK 002.psd	119oFgNVuoCHT6JxJ9Lqbo8scW7aMdfld	70400568
cmyk	popsicle CMYK 003.psd	1ZqKFLHDoJyoufdUAnuXk4gPZTi6NbvVG	75500546
cmyk	popsicle CMYK 004.psd	1ukB0cnoddr8pUGFpFfKlVCubPxACM6Rz	78299883
cmyk	popsicle CMYK 001.psd	18yh4PncjyKRFwuCAU7oNmIzJtXhov5ND	73855298
cmyk	picchi CMYK 003.psd	1cUkRaJlwzdAxC8GfoEOqRFANm5Hk_eLz	74109160
cmyk	picchi CMYK 001.psd	1do-MI5brnnz6O9NlPsr6eK9JayUQMiJJ	74176396
cmyk	picchi CMYK 002.psd	1vaV-nDgOlDTWwOoaa_JQ7DjmxaRsUTye	71643591
cmyk	picchi CMYK 004.psd	12NdOGRUIaD77BUWLFtIQDkzG5_ckG6bm	71455200
cmyk	Mr Waffle CMYK 005.psd	1954wQXVcYl8W8EhS3BgbNRg8NA6fmSGp	70650372
cmyk	Mr Waffle CMYK 002.psd	1DoRIFPUychpTMPjR8hvQvVT5FcyOZEUU	15536211
cmyk	Mr Waffle CMYK 004.psd	1vFQzBQRdfq3P2fZTuRKi65y26gqKiGN0	41132129
cmyk	Mr Waffle CMYK 003.psd	1fxvXFJsz-VGs44Hb5pgiu403Cny4s22g	16577339
cmyk	Mr Waffle CMYK 001.psd	1N1SydPz6pYNppiy9IPNN53-9zc4LyX57	11081912
cmyk	TV CMYK 003.psd	1_IEbbHEKQmpSmEVLW1spd10ih6iAIECl	70296049
cmyk	TV CMYK 001.psd	1cal5MsXfTF0gY7wtFtmxSlbGX4SSXOLL	80982433
cmyk	TV CMYK 002.psd	1Vk4JbBbNNGwt2svPNF_JYpjfMDiCSZIY	71178929
cmyk	TV CMYK 004.psd	1PCfX-eXOXKK03zX7TS0Q2KCY44odN-J6	71477003
cmyk	Swirly CMYK 003.psd	1eoSzFU2HnKTsg1wykgQP4tU9stWbdBed	68015726
cmyk	Swirly CMYK 002.psd	1V9xMl_gyct3uSe2TfeODCNgs_Vcu7MEa	69823943
cmyk	Swirly CMYK 001.psd	1E-AORDmtGy0UIVTwDZj-OE2E9y7dZVXt	70214109
cmyk	Swirly CMYK 004.psd	1dQWJ7lNtvxxki_WBSIRTtQ_zK9grQgNb	70340676
cmyk	Bhoppu CMYK 004.psd	1l8YyGI8j5ylcVpgjfvNsitTrimYHdtlg	23252994
cmyk	Bhoppu CMYK 002.psd	1Btg5O0O0ANmLoa6adql6vfHOSxUpVQt5	26148454
cmyk	Bhoppu CMYK 003.psd	1NGg1XcP918m7bd2tw7K3-LKl_zlYueeT	22656109
cmyk	Bhoppu CMYK 001.psd	1mYP7mr1WIjd6icx3SPTB2KC5orLhFdYn	24994767
cmyk	Stovie CMYK 002.psd	1wPodnAfeKPP19n_zUNkGLvkFacoszGQy	69440778
cmyk	Stovie CMYK 004.psd	1oH-PMR880E0MkQvgSY9iTgFyyU5Xyiqt	71614244
cmyk	Stovie CMYK 001.psd	1Gs0QCj7ISy5Y9ftGklJkuHx4VkNivRJn	71514726
cmyk	Stovie CMYK 003 .psd	1VZdOrNFGIyZFcN6GqsOYco5jFqUuIUp_	72878226
cmyk	Spacie CMYK 002.psd	1IfoKHbLE-MzERnVGZZuIyyImrngamWew	69843286
cmyk	Spacie CMYK 003.psd	1QIXIGXcCHxOdyN6q_HMeOebNJkJWDXHT	78739897
cmyk	Spacie CMYK 001.psd	1Gk80XXMLgxm68xBtUA2ZsF82vMzJNw5b	70212949
cmyk	Spacie CMYK 004.psd	1I3M0EV-1zsx5vvjJuDmNaYs7EpxhzD_Y	70555818
cmyk	Air maxi CMYK 004.psd	1wjmi4QLQ0XydTWMsRKeRd7KNF2A7rF86	88539660
cmyk	Air maxi CMYK 003.psd	1HIZdjbDdyNfpb_EYemYKH-DRj7ZeJN2_	84748300
cmyk	Air maxi CMYK 001.psd	1hZ_BOWES9bkJT8qQ9C6A8OxbYf5UxkUp	58695510
cmyk	Air maxi CMYK 002.psd	1MbB1nwvHMA_ivXbL2Aah6PxH4AIrF5LJ	84648733
